UserID,Genders,FirstName
5360,female | male,Donna | Scott
18662,female | male,Corinne | Andrew
34479,male | female,Tom | Scott | Ima | steve
45111,male | female,ED | deb | helena
62929,female | male,Karen | Steve
63508,female | male,Megan | Rick
67979,female | male,Molly | David
72626,male | female,Francis | Robert | Samuel | John | Tess | Nancy | Elisha | Hadley | Isabel | Olive | Maude | Maud | Joseph | Margery | Joshua | Frances
72960,male | female,Dave | Bernice
76484,male | female,Jim | Valentine
77702,female | male,Elizabeth | Salvador
82242,female | male,Kristi | Dan
87368,male | female,Sad | Elizabeth | Elisabeth
93687,male | female,Larry | Debbie
105126,male | female,Gary | Rose
141380,female | male,gina | mark
153814,female | male,jill | skip
158232,female | male,Pam | Tim
197156,male | female,AB | Isabel
203463,male | female,Tom | Karen
210343,male | female,Steven | Rebecca
236166,male | female,Naim | Christine
238452,male | female,Richard | Nellie
261251,female | male,Susan | Harold
266571,female | male,Diana | Brock | Marie
270032,male | female,Keith | Liz | Lisa
302329,female | male,Margery | Jim
334806,male | female,Dennis | Jennifer
343631,male | female,Horacio | Laura | Susy
354525,male | female,Michael | Diana
387538,female | male,Daphne | Eric
414072,female | male,Susan | Justin
419064,male | female,Jules | Julie
431414,female | male,Anna | Tom
436638,female | male,Touria | Michael
439139,female | male,Cheryl | Richard
440746,male | female,Andrew | Kat | Andy
456234,female | male,Perla | Mike
470708,male | female,Robert | Christina
498305,female | male,Zane | John
505709,male | female,Raymond | Wade | deep | Jeb
507699,male | female,Rick | Ima
537510,male | female,Oscar | alia
564165,male | female,Fritz | Sieglinde
591730,female | male,Brigid | George
639166,female | male,Emma | Paul | Margaret
687276,female | male,Emily | John
690669,female | male,Hannah | Peter
751381,male | female,Jean | Jeane
757370,male | female,tauri | Maia
776678,male | female,willem | Sara
834220,female | male,Tina | Tony
860373,male | female,Matt | Ingrid
887225,male | female,Eric | Nannette
965528,female | male,Susan | Larry
1000893,female | male,Lucy | rob
1047770,female | male,Pam | EP
1062527,female | male,Teri | Oscar | Sheldon
1063353,female | male,Mariella | Ronald
1105535,male | female,Joseph | laurie
1133834,female | male,Clare | Tom
1138188,male | female,Rene | claire
1142313,male | female,kurt | Margie
1181986,female | male,momo | Ed
1187691,female | male,Dana | Bruce
1209261,female | male,ECE | Eugene
1257744,male | female,Ed | Susan
1299634,male | female,Maurits | Helen
1361340,male | female,neil | Danni | Janie
1394742,male | female,Dave | tomoe
1447122,female | male,Cathy | Bill
1468915,male | female,Barry | Janis
1478761,male | female,Dan | Jeanette
1522468,female | male,Ann | Ethan
1557865,male | female,Dane | Elia
1576052,male | female,dwain | diana
1578246,female | male,Jennifer | Jim
1614623,male | female,John | jeanne
1633219,female | male,Cindy | Edward
1636506,female | male,Helen | Bill | Henry
1639661,male | female,Benny | Franco | Martine
1661488,male | female,Don | Anjali
1682000,male | female,Seth | Brooklyn
1697120,female | male,Artemis | Lucian
1706953,female | male,Belinda | Davis
1710650,male | female,Eric | Anne
1783292,male | female,marlon | maro
1785690,female | male,Nate | Nathan
1795709,male | female,austin | Althea
1825932,female | male,Hilary | John
1903462,male | female,Gerard | Linda
1905176,male | female,Kay | Karen
1928868,female | male,Sara | Steve
1967803,male | female,James | Jocelyn
2121603,male | female,Michael | Maritza | Jannet
2132020,male | female,Richard | Janet
2151675,male | female,Clint | Kate | Duane | Tom
2161267,female | male,Ing | Roger
2164687,male | female,Rocco | Teresa
2194954,male | female,Danny | Judy
2242347,female | male,Jeannie | Jeb
2290127,male | female,Eldon | Judith
2300800,female | male,Victoria | Kurt
2335049,female | male,Liza | Lionel
2340470,male | female,Avi | Nava
2354364,male | female,Guy | magnolia
2377113,male | female,Bill | molly
2499526,male | female,Bill | Cindy
2566489,female | male,Rochelle | Robert
2622435,male | female,Mike | Joann | MAC
2633776,male | female,karl | donna
2635935,female | male,Alexandra | Alex
2657038,male | female,ABD | Aimee
2704203,female | male,Rebeca | Gigi
2747917,female | male,Jeanne | Angus
2781029,male | female,Andy | Jane | Stephen | David | Roger | Kevin | Andrew
2846643,female | male,Bobbi | Steve
2976958,male | female,Vince | Karen
3072577,male | female,Elmer | Bob | CoCo | Dave | Donald | Ethel | Era | Bill | Anne | Pam | Nicky | Abe | Patience
3125003,male | female,Zach | George | Russell | Harold | Meghan | Alicia | Samantha | Emily | Woody | Bruce | Chip | Stanford | Butch | Simone | Eric | Roger | Corrine | Carole | Ruth | Orrin | anthony | edna | eddie | melody | augustus | melodee | edward | archie | jason | joshua | amelia | Constance | merrill | josie | jonathan | susan | elaine | barry | stephanie | melanie | alex | general | leonard | Cassandra | Jared | Mirabelle | horatio | julian | Bob | Tom | Henry | Tony
3131152,female | male,Donna | Sander
3151991,male | female,Ed | Ann
3183155,female | male,Amy | Richard
3190744,female | male,Paula | Paul | Carl
3212957,male | female,Carlo | Sara
3226209,male | female,Nicholas | Maurizio | Frank | Janie
3258968,female | male,Ingrid | joe
3294568,female | male,EdA | Ed
3305221,male | female,Omar | Ramona
3358770,male | female,Mac | sarah
3444889,male | female,Leo | Amanda
3468668,male | female,Robert | Kathleen
3473611,female | male,Louise | Lucille | Bob
3481058,male | female,Chad | Meg | Rhett
3499740,male | female,Marshall | Claudia | Steve
3512045,female | male,Susan | Geoffrey
3515032,male | female,Paul | Michele
3520664,female | male,Linda | Frank
3535518,female | male,Carlie | Carl
3568318,male | female,Kirk | Gay
3574442,male | female,Robert | Here
3649776,male | female,David | sophie
3813468,male | female,Robert | Britt
3824386,male | female,David | Sara | Sare | Billy
3960802,female | male,Joanna | Greg
4071328,male | female,John | urthe
4251003,male | female,Victor | Cali
4259794,male | female,RAM | Caroline | Bob
4287463,male | female,ed | anika
4308329,male | female,Peter | Jannet | Jan
4323615,female | male,miriam | Ian
4328572,female | male,Anna | Ramon
4339990,female | male,Katy | Jeff
4434291,male | female,Theodore | Kathleen
4457836,male | female,Juan | Rodrigo | John | Angie
4484998,male | female,Jon | Frances
4525305,male | female,Stanley | verdi
4584464,female | male,Ellen | Daniel
4614329,female | male,Anne | Annie | David
4829868,male | female,George | Kirsten
4921659,male | female,Art | Rebecca
4948011,male | female,Tony | Julie
5003159,female | male,Suzie | steve
5109716,male | female,Bob | Megan
5243780,male | female,Rudi | Save | Cleopatra | Boris | Peter | John
5306519,female | male,Katie | Kay
5385460,female | male,Savannah | tony
5390099,male | female,Ben | Helen
5479986,male | female,james | Jonas | Jennifer | janice
5515373,male | female,Jack | JET
5557903,male | female,Jeff | Duke | Nardine
5712976,female | male,Diane | richard
5788551,female | male,Linda | Michael
5797194,male | female,ALP | Anne
5836396,female | male,Rosalinda | Rennie
5903537,female | male,Karen | Samuel
6001434,female | male,Deborah | Robert
6161107,male | female,John | Judy
6195376,female | male,Julie | just
6223848,female | male,Elaina | Mark
6357424,male | female,Jack | Sarah
6433596,female | male,Nate | Nathanael
6482895,female | male,Hope | Fred
6493252,male | female,Reed | One
6546584,male | female,nikita | Lydia
6578791,male | female,Steve | Peter | John | Don | Maureen
6627658,female | male,Marie | John
6635323,female | male,Florence | Charles
6782712,female | male,nicola | nic
6794740,male | female,Just | Brooklyn
6804455,male | female,ken | Done
6855094,male | female,neal | nela
6873874,female | male,Nate | Ned
6929029,male | female,Victor | Sandra
6964485,male | female,Kay | Susan
6972193,male | female,Charles | Nicole
6977122,male | female,Noah | Elli | Nick
7052004,male | female,AB | Amy
7068152,male | female,Tim | Alice
7082050,male | female,Nestor | Steve | Neva
7082919,female | male,Fannie | Don
7222723,male | female,LuLu | Lucy
7287160,male | female,Ed | Peggy
7411202,male | female,Joe | Maki
7668103,male | female,Kurt | Becky
7789944,female | male,gina | bebe
7833482,male | female,Roberto | Marilyn
7858641,male | female,Even | Tina | Dirk
7871336,female | male,Karen | Andy
7887317,female | male,Dana | Ed
7976682,male | female,Dan | Claudia
8059016,male | female,Robert | Marjorie
8186402,male | female,Joe | Linda
8193373,male | female,Mike | Meg
8207818,male | female,Paul | Teri
8208645,female | male,America | Sad | One
8260157,female | male,Grace | Mike
8278476,female | male,Radha | Age
8284910,female | male,Katy | Rolf
8285127,female | male,Kathy | Alberto
8387918,female | male,Blossom | Floyd | Go
8399640,female | male,Jill | jos
8579932,female | male,Abby | ab
8640645,male | female,Kay | Jackson | Sara | May | Jay
8676877,female | male,Sisko | William
8708347,female | male,Julie | Karl
8721788,female | male,Rosemarie | Morris
8822225,male | female,Scott | Julia | Mable | Linda
9033170,female | male,Kathryn | Bill
9107571,male | female,Gregor | Nancy
9126990,male | female,Mike | Lisa
9207941,male | female,Just | Amanda
9220587,female | male,Sarah | Dan
9334914,female | male,Liz | David
9360920,male | female,Henry | Jane
9431762,male | female,Andrew | Ana
9439047,male | female,Rod | Geri
9481705,female | male,Andrea | Richard
9500204,female | male,lucy | love
9782484,male | female,carlino | Joan
9901200,female | male,jenn | jen | grace | ad
10022133,male | female,Gary | kita
10069610,male | female,Michael | Michelle
10095967,female | male,Jennifer | Susan | Gwen | August
10171876,female | male,Lesa | Michael
10202210,male | female,Sad | One | Shelley
10324600,male | female,Bebe | Barbara
10352313,female | male,Irene | Ben | Aileen
10406500,female | male,May | Jed
10548066,female | male,veronica | Ron | Toni
10598585,male | female,dan | Delphine | Elizabeth
10599786,male | female,Greg | Stephanie
10603946,female | male,rachel | dani
10669909,male | female,Robert | Ellen
10773454,male | female,Gregory | Jessica
10833069,female | male,coral | Alexis
10839926,male | female,Omri | Liz
10868243,male | female,John | Kara
10877746,female | male,Tina | Viola | Ken
10883113,female | male,alissa | ap
11080171,male | female,Justin | Jaycee
11081493,female | male,Nancy | Richard
11119481,male | female,Timmy | Marc | Lisa
11151140,female | male,Lise | Michael
11151680,female | male,Diana | Michael
11213204,male | female,Mike | Karen
11319801,female | male,Belinda | Hal
11367366,female | male,Hannie | Michael
11381773,female | male,Carolyn | Jim
11471615,female | male,Rebecca | William
11486944,female | male,Sheila | James
11505522,female | male,Ruth | AB
11566883,female | male,Jen | Brant
11661226,female | male,Susan | Ed
11712901,male | female,lau | laurie
11800593,male | female,Lew | Moira
11983749,male | female,norman | Nancy
12042433,female | male,Mia | Michel
12145952,female | male,Emily | Louis
12175016,male | female,Farrell | Anne
12249413,male | female,IB | Jenny
12275531,male | female,Eric | Samantha | Rhonda | Sarah | Erica
12285886,female | male,Susan | fred
12356935,female | male,Ann | Jeff
12376641,male | female,Bruce | Carolyn
12478446,male | female,Steve | sally
12490792,male | female,George | Tess | Anne
12522786,female | male,Cindy | Jim
12559452,female | male,Iris | Sean
12597584,male | female,Matt | Janet
12604684,female | male,Iona | Thomas
12606655,female | male,Sheila | Ted | Abe
12614452,male | female,Ed | Danielle
12628157,female | male,Aga | Gilbert
12714869,female | male,Eileen | Leen
12767139,male | female,Ben | Sheila
12820827,male | female,Jeff | Delinda
12882703,female | male,Dana | Vinnie
12883652,male | female,Raymond | Melissa
12907658,male | female,Alex | Alexandra | Alexandria
12914493,male | female,Frederick | Layla
12923331,female | male,Andrea | Grant
12932442,female | male,Kathy | Pierre
12939935,female | male,Deborah | John
12963278,male | female,Daniel | One
13049976,female | male,carmen | boris | Dick
13106790,male | female,toe | sheila
13220767,male | female,Jonathan | Suzanne
13235441,female | male,Gilda | gigi
13290510,female | male,Jennifer | Jim
13301932,male | female,German | Ellen
13415401,male | female,Michael | Mike | Deb
13430214,female | male,Barbara | ridley
13579206,male | female,matt | vanessa
13625214,male | female,Jeff | Sue
13706943,female | male,Gwen | Stan | Kathy | Jack
13758621,male | female,Michael | Hannah
13759917,male | female,Allen | Joan
13843413,female | male,Olga | just
13886154,male | female,Mike | Pia
13951101,male | female,Ivan | Pierre | Sophie | marc
13966293,female | male,Sarah | sherwood
14016507,male | female,Neal | Cindy
14064933,female | male,wendy | Graham
14090852,female | male,nancy | ed
14158840,female | male,Neda | Henry
14215897,female | male,Christine | Holger | Mariam
14235571,male | female,Adam | Laura
14295718,male | female,Nick | Henny
14386096,male | female,Alejandro | Paco | Pamela
14483206,female | male,joan | Henry
14585015,female | male,Tomka | Dermot
14823659,male | female,Conrad | Ayn
14863717,male | female,Carl | Gilda
14872715,male | female,preston | Marianne
14975763,male | female,michael | hannah
14995897,male | female,Michelangelo | Jane
15195008,female | male,maureen | joe | jim | norris | bernard | jessica
15203555,female | male,Lily | Bob
15237120,female | male,Ellen | Victor
15282901,female | male,amanda | aman
15293036,male | female,Kurt | Caroline
15310781,male | female,Robert | RobertE
15342978,female | male,Nani | Greg
15381328,female | male,nancy | Jon
15397806,female | male,Carolina | Emilio
15416619,male | female,stan | debbie
15517445,male | female,Simon | Ann
15530012,male | female,tommy | julie
15580083,male | female,Ton | Tonya
15589785,female | male,Elizabeth | Dave
15591616,female | male,Naomi | Arvin | Cliff
15604159,female | male,Alice | Karena | Karen | Jack | Concetta
15733025,female | male,helene | Reid
15849423,female | male,May | LeNo
15849599,female | male,Jamilya | Kevin
15870259,male | female,patrick | Caroline
15982490,male | female,steve | elizabeth
16099423,male | female,Jules | Julie
16136810,female | male,jill | James
16150403,male | female,Adrian | Melinda
16200027,female | male,Rochelle | John
16250900,male | female,Walker | Benjamine | Augustus
16310528,male | female,Philip | Laila
16345420,female | male,selma | Perry
16369741,male | female,Steve | Susan
16387198,male | female,Marian | maryanne
16484338,female | male,olivia | Steve
16499702,male | female,jules | Samantha
16550312,male | female,troy | Mimi
16732810,male | female,john | Lil | Johnny | janet
16743033,male | female,allen | Amy
16776401,male | female,Tarek | Samantha
16782607,male | female,Joseph | Barbara | Joel
16783842,male | female,Conan | Jane
16800570,female | male,jill | bruce
16941048,male | female,Jay | Linda
17034939,female | male,Katherine | Frank
17064136,male | female,jim | jaycee
17067579,female | male,Eva | Colette | Malcolm
17101474,female | male,Deb | Bill
17162325,male | female,henry | julia
17167138,male | female,Mark | One
17440161,male | female,Paul | Carolyn
17442759,male | female,bob | just | jane | alice | sara | jan | tom | ann | john | vera | bill | kate | sally | Janice | Jim | wendy | sophia | sarah | madeline | eric | brian | al | jill | cathy | anna | susan | Sal | Anne
17456244,female | male,Jennifer | Stephanie | jyun
17496123,female | male,Eleanor | Owen
17506485,female | male,Laurence | larry
17591153,female | male,ann | ken
17660585,female | male,Ellen | Just
17700647,female | male,Beth | Jonah
17753961,female | male,harriet | Raul
17774323,male | female,eric | Brenda
17810526,female | male,Jennifer | Peter
17825702,male | female,Moses | Melanie
17935289,female | male,Joann | Rodney
17944879,male | female,james | harriet
18040541,female | male,Penelope | alex
18113039,male | female,Tim | virginia
18124602,female | male,Eve | todd
18228809,male | female,tom | Susan
18364288,male | female,Edward | Patricia
18397259,male | female,Asher | Jeff | Grace
18463741,female | male,Amy | Ruth | Otto | Joanne | Eric
18664309,female | male,Marilyn | Troy
18704090,female | male,Sheila | Jon
18767468,male | female,Jeff | Tea
18829214,male | female,Bruce | Ruth
18928578,male | female,felice | Zoe
18932725,female | male,Kayla | liam
18996115,male | female,Paul | Oscar | Kath
19081698,female | male,Deb | evan
19116943,male | female,Simon | Margaret | Tina | Stephanie | Debbie | Mark | Samantha
19173054,female | male,Hillary | Joe | Joey
19248707,female | male,brooklyn | Steve
19255115,male | female,AB | Abbie
19271798,female | male,Rebecca | Dave
19294568,male | female,anthony | Kate
19294693,female | male,Cait | Jack
19505669,female | male,Eileen | Dan
19519213,female | male,deb | Bob | sammy
19663304,male | female,Frank | Elizabeth | EA | Elaine
19664644,male | female,Mitch | Wendy
19681337,male | female,Tim | Bill | Emily
19826519,male | female,Calvin | Ann
19868186,male | female,Johann | Kate
19883987,female | male,One | Tell | May
19894074,female | male,Alice | ali
19927526,male | female,Cal | Stephanie
19930246,female | male,Michele | Michael
19945480,female | male,Helen | Clinton
19955902,female | male,Alexandra | AD
20010460,female | male,Jennifer | perry
20049981,male | female,eric | erica
20069976,male | female,Alexander | Rebecca
20155365,female | male,Sol | Craig
20236344,male | female,andi | Andrea
20376956,male | female,Ed | Slavka
20495136,male | female,Isaiah | Isabelle | Michael | Nick | Niki | Tom | Alexander
20501957,male | female,Ian | Michele
20511327,female | male,nate | Andy
20526596,female | male,Carmen | Jonathan | Alicia
20581349,female | male,Janine | Rob
20584932,female | male,Nicola | Paul
20601083,male | female,John | Paul | Paula
20601669,male | female,Alan | Tina
20623911,female | male,Dana | Uzi
20652737,female | male,Carla | Duncan
20740484,female | male,Edna | christopher
20742822,male | female,ewan | marlene
20764910,female | male,Penny | Nicholas
20822306,male | female,Paul | Neal | Neil | Gay
20828362,male | female,Frank | Mona
20853038,female | male,Antonieta | Toni
20871319,male | female,stu | Moe
20905852,female | male,Kate | Bob | Belinda | Marisa | Sol
21078561,female | male,kate | Ron
21084161,female | male,Eileen | Leen
21087184,female | male,EA | Erling | Alvin
21099421,male | female,Patrick | Jeanine
21159432,male | female,Bob | sylvi
21213670,female | male,Aimee | Jason
21243694,male | female,Go | nola
21267146,male | female,Jean | Doreen
21320933,male | female,Michael | Jennifer
21339691,male | female,Frank | Fran
21383111,female | male,jen | jay
21491064,female | male,Irene | rene
21697105,male | female,James | Tara
21756857,male | female,Zach | Anna
21765978,female | male,Ann | mac
21805565,female | male,Liz | Elizabeth | Paul
21857004,female | male,abbey | Sue | Ben
21875594,male | female,Jack | Sharon
21889221,female | male,Margaret | mark
21907859,female | male,Lynne | Jacek
21940574,female | male,Jane | Farid
21958147,male | female,Bob | Daphne
21976619,male | female,Carlyle | Michael | bradford | Hoyt | Eric | Martin | Gordan | Preston | Christopher | Shaun | Matthew | John | katie | Barton
22149297,male | female,Tariq | Tina
22171585,male | female,Davin | Aga
22190638,female | male,Liza | Ted
22202282,male | female,Michael | Claire
22230173,female | male,Deb | Joey
22390492,male | female,Scot | Beth
22393769,female | male,Anna | Robert
22397471,male | female,James | chip | Nancy
22406367,female | male,Anna | Carr
22416421,male | female,Alejo | Coralia
22429353,male | female,Regis | cliff | Sarah
22457311,female | male,Macy | love
22461501,female | male,bala | Brad
22510051,female | male,Angela | Percy
22726852,female | male,Susie | Tony
22739177,female | male,tanya | taryn | ab | ad | ai | peg | abigail | gladys | peggy | al
22741846,female | male,jennifer | jock
22794286,male | female,Tory | Victoria
22956012,male | female,Ken | dona
23065989,male | female,John | Lana
23108622,female | male,Erica | grad
23181484,male | female,Perry | Juliet
23198318,male | female,Alex | Neel
23202633,female | male,Margaret | Michael
23239193,male | female,Jim | Anne
23404704,female | male,shirley | sinclair
23597957,female | male,Amy | AB
23668200,female | male,Ila | IB
23704184,female | male,Deirdre | Bert
23761051,female | male,Suzanne | John
23762677,male | female,Pedro | greg | Wanda | Harry | Jon | Kip | Karen | Lisa | Linda | Alan | Ursula
23923048,male | female,Ariel | Corinne
23948713,female | male,Meghan | Dan
24034928,female | male,PATTI | PAUL | Patricia
25068969,male | female,Just | Jennifer
25092115,male | female,Jay | Sally
25099271,male | female,Simon | Sama
25108978,male | female,Bill | julie
25160844,male | female,Andrew | Eleanore
25180363,female | male,Clara | Lawrence
25202412,male | female,Lolo | Elly
25228251,male | female,Andrew | Nathan | Jessica
25366783,male | female,MARK | marilyn
25396875,male | female,Harry | Monica
25409454,male | female,Bob | Elsie
25466240,female | male,Armanda | Gordon
25597730,female | male,Anne | Harvey
25640548,female | male,Angela | Russell
25659273,male | female,Johnny | Jennifer
25778912,male | female,Walt | Barbara
25802513,female | male,Carrie | Marin
25806646,female | male,AGA | Angelo
25827120,female | male,Sarah | Nelson
25894620,female | male,Deborah | Steve
25911313,female | male,Penny | Tom | Penelope | Peter
25924186,male | female,John | David | Levi | Leah | Jerry | James | Rachel | Jack | Lev | Judy | lisa | Jill | Jacob | Michael
25979287,male | female,Shane | Jane
26017911,male | female,Barry | Sheri
26063862,male | female,Adam | Rachel
26135221,female | male,Laurence | Benjamin | William | Franklin | Sal | Laurie
26239790,male | female,Rob | Tina
26264045,male | female,Ron | Betty | Roy
26415058,female | male,dawn | brian
26446146,male | female,Michael | Sally
26454701,female | male,one | jimmy
26566866,male | female,Joe | Sue | Tisha
26667291,male | female,Jon | Darci
26741310,male | female,Ralph | Karen | Mentor
26906449,female | male,autumn | sal
26914229,female | male,Ada | Ed
26969383,male | female,jon | john | Sally
26994270,male | female,Robert | Alyson
27053288,female | male,Caroline | harold | Lisa | Frances | Olivia | Jennifer | Frank
27163363,female | male,Mikie | Michael
27179220,male | female,harold | Sad | ellie
27202731,female | male,Judy | JAD
27225830,female | male,Alison | aladdin
27242827,male | female,Chuck | Agnes
27254991,female | male,Jet | Pete
27333485,male | female,Mike | Geronimo | Kate | David | Bill | Michael
27395893,female | male,Liz | Michael | Mike
27511762,male | female,Brad | Nancy | Brian
27624864,male | female,khalid | Cathy | Bob | Susan
27910361,female | male,Jane | jay
27919953,female | male,Dottie | Richard
27960154,male | female,John | Heather
28011982,male | female,MAC | Diane
28022492,female | male,Jelly | Dean
28108574,male | female,Adam | Eden
28212118,female | male,Ivy | Sergio
28455452,male | female,gigi | virginia
28477792,female | male,Mercedes | Batista
28521324,female | male,ulrike | thomas
28562833,male | female,Peter | Elizabeth
28597130,male | female,Tom | Ellen
28651033,male | female,Scott | Diana
28666586,female | male,Marilyn | moses
28892211,female | male,Michelle | bartel
28943874,male | female,Geoff | nancy
28971288,female | male,linda | steven
29101731,male | female,John | Sophia | David
29349446,female | male,Jessica | Jess
29486213,male | female,Henry | Terri
29504468,male | female,Jerome | Victoria
29517583,male | female,Jan | JanE
29737582,female | male,iska | Iskandar
29793706,male | female,wierd | Lynne | William | Al
29858751,female | male,Janice | Matt
29903386,female | male,lana | Irving
30066275,female | male,Lois | Peter
30101318,male | female,BeBe | Barbara
30159394,male | female,Marco | Nica
30261447,female | male,Anne | Daniel
30292522,female | male,Barb | Kennedy
30360742,female | male,Jessica | Patrick
30551804,male | female,Barry | anu
30581051,female | male,Apolline | Matthew | Melissa
30677429,female | male,Kira | Anna | Leila | Ane | Ana | Werther | Albert
30703035,female | male,Patty | Dave
30720958,male | female,Richard | Natalia
30762398,male | female,Paul | Sharon
30815131,male | female,John | Annie
30880735,female | male,Susan | go
30956612,female | male,Florbela | Paulo
31083056,male | female,ben | Carolyn
31094154,male | female,richard | kathryn
31107253,female | male,Evelyn | Paul
31127769,female | male,Georgia | Geo
31181081,female | male,Alexandra | Alex | Megan | Meagan
31530428,female | male,niki | Alvin
31661048,female | male,Judy | mac
31672515,female | male,Ana | AB
31770349,male | female,Ernie | Mark | Dean | Natalie | Emmet | Mirabelle | Arabelle | Annabelle | Anabelle | Bruce | Mason | Isabelle | Pierre | Brendon | Susan | Suzy | Celeste | Stanley | Bob | Anna | Sophia
31793532,female | male,Kathleen | Ron
31820895,male | female,Tom | Jessica
31824918,female | male,Marie | Jerry
31853991,male | female,Jack | Eli
32047350,female | male,Andrea | Andrew
32130007,female | male,Michelle | Shane
32153403,male | female,Kenny | david | dania
32287769,female | male,Bobbi | Mike
32383374,male | female,Eugene | Liberty
32410837,female | male,Laurie | Paul
32683433,male | female,Peter | Christina
32691546,female | male,Sharon | Tom
32829614,male | female,John | Judy | Mike
32860187,male | female,Jim | Julie
32869156,male | female,Lars | Minnie
32914417,female | male,julie | Jay
33049999,male | female,jas | Jasmine
33119300,male | female,joe | liz
33294860,male | female,AD | Maggie
33340757,male | female,Marco | Marina
33408215,female | male,Kendra | allan
33445116,female | male,Linda | Laura | Lucy | Just | Lin | Luke | Allison | Marie
33508484,female | male,Amanda | ASA
33693229,female | male,Tea | Rick
33699762,male | female,Peter | Amanda
33742276,male | female,Mark | Kate
33790016,male | female,Harry | Jessica | Vinay
33843749,female | male,Sue | Patrice
33885048,female | male,trudy | mac
34115249,female | male,Laurence | Davis
34130051,male | female,Nick | Laura
34297776,female | male,Suzanne | Bill
34344905,female | male,Beth | BAS
34387733,female | male,Sunshine | AL
34398127,female | male,Michelle | Matthew
34426297,female | male,Julie | Mark
34433851,male | female,Carl | Charles | Joe | Bruce | Tony | Tom | Frank | Jeff | Katey | Louise | Ann | TomS | Steve | SamA | Johnson | Janet | Jenny | Kathy | Tommy | Paul | Keisha | Tina | Michael | Fred
34436094,female | male,Alison | Ali
34466522,female | male,Laurie | Peter
34511451,female | male,Niki | Rick
34609658,female | male,Kristina | Joe | Kay
34718890,female | male,penny | Steven
34720355,male | female,john | Ele
34740944,male | female,kenn | stephanie
34741637,male | female,Herman | Ruth
34759245,male | female,Mik | zeni
34863223,male | female,Brent | Hope | Just
34915487,female | male,Vivi | John
34975401,male | female,Tomaso | Martha
35077583,male | female,Jimmy | James | Tamara | Ed | Susan | Samantha | Fred | Sally | Joe | Alice | Joaquim | Roger | Esteban | Edward | Charles | Farrell | Donovan | Harland | Herb | Frank | Darwin | Oscar
35117012,female | male,Janice | Frank | Jan | Jay | James
35170544,female | male,Aninda | Andy
35191739,female | male,Meg | Ron
35196878,female | male,nina | Ed
35314163,male | female,Michael | Nazdar
35390387,female | male,Daphne | ERIC
35414036,male | female,frank | anna | Mya
35423822,male | female,Clark | Cindy
35745750,female | male,Katherine | Patrick
35753221,female | male,Lola | Maurice | Lolita | Avis
35985849,female | male,Linda | Ed
36001075,male | female,bob | Heather
36007479,male | female,Jan | Jennifer
36141122,male | female,Scott | Kerri
36243204,male | female,John | Renate
36250582,female | male,Linda | Brendan
36286635,male | female,Stephen | Beth
36337427,female | male,Jen | Jordan
36350967,female | male,Juliet | Tom | Julia
36368590,female | male,Anne | Jerry
36434620,female | male,mandy | kay | carr
36517056,female | male,Becky | Mike
36542345,female | male,Patricia | Jordan
36584550,male | female,Martin | Alison
36673263,female | male,Allison | Shane
36736895,female | male,Katie | Andrew
36904298,female | male,Lillian | Jim
37004753,male | female,Eelco | Laurie
37116669,male | female,jean | Betty
37181825,male | female,dan | Hillary
37227707,female | male,Jaimie | Joseph
37238449,male | female,Buck | bernardo | Bart | Alpha
37266608,male | female,Steven | Hillary
37291266,female | male,America | Joe | James | Vittorio | Michael
37293641,female | male,Pamela | Cicely | Jason
37344495,male | female,jim | Laurie
37369077,female | male,Nancy | Joe
37398890,female | male,Diane | Kevin | Delia
37401178,male | female,charles | Ruth
37584027,male | female,Nelson | MaryAnne
37664422,male | female,Daniel | Lory | Dan
37688714,male | female,James | Griselda | Johnny
37699352,male | female,John | Elena
37728140,female | male,Beth | Ari
37839091,female | male,Anna | Neil
37879467,male | female,Vero | Lala
37901710,male | female,FER | faye
37934998,male | female,Barry | Liz
38046904,male | female,Gary | Lenore
38080624,female | male,Carolyn | Bert
38186701,male | female,Greg | Susie
38330613,female | male,Emma | Wallace
38332474,male | female,ab | ann
38359376,female | male,iben | Ilan
38384548,female | male,Barbara | johnny
38418722,female | male,Alexa | Alex
38425705,male | female,David | diva
38449145,male | female,Robert | Just | George | Nanny
38541776,female | male,Margaret | charles
38607234,male | female,Ari | Jenni
38701785,female | male,Amy | claire | Alexis | Jack | Sarah | Ilya | Anne | Sean | Alison | Maire | Alice | Amanda | Arlene | Samuel | Pam | Jay | Jim | Samantha | Janice | Sally
38758569,female | male,Adele | Adel
38797359,male | female,David | Beth
38827102,female | male,Serena | Russell
38910503,male | female,Stefan | Kali
39101551,male | female,Matthew | MAR
39125172,female | male,Chloe | JAS
39161713,female | male,Liza | jeffrey
39417015,female | male,Kate | jeff
39431733,male | female,Jerry | Susan | Harry | Jimmy | Frank
39435261,female | male,sophia | AL
39454852,female | male,Rose | Jim
39460975,female | male,Joan | JAS
39513898,male | female,Edgar | Karl | just | Jack | Tim | Patty
39681241,male | female,david | Ilene
39840225,male | female,Don | Patricia | Bill
39859659,male | female,James | Rachel
39860946,male | female,Jake | Jill
39863902,female | male,Siobhan | Gus
39867382,male | female,Bruce | Ninja
39912284,male | female,James | Valerie | Melvyn | Louis
39916007,female | male,RichardA | Richard
39942217,female | male,Alice | Alex
39944630,male | female,Patrick | Margaux
40055699,female | male,Maggie | Carl
40142781,female | male,heather | Roger
40213229,male | female,ralph | Barbara
40266589,female | male,ivy | fred
40284744,female | male,Lisa | Hanspeter
40320335,female | male,Elisa | elwin
40343536,male | female,arthur | America
40346449,male | female,AD | Angela
40373674,female | male,Bethany | Cliff
40405561,female | male,Heather | Tim
40445922,female | male,Della | john
40537359,male | female,John | Audra
40596267,male | female,Paul | Kate
40601532,male | female,Ned | Edward | Stephanie
40617416,male | female,Art | Nancy
40622648,male | female,Brian | briana
40642396,male | female,John | Maureen
40647333,female | male,Chloe | Olaf
40668303,male | female,Jeremy | Laurence
40760612,female | male,Kate | Kay
40829399,female | male,zenobia | Rati
40832014,male | female,Joe | stephanie
40929305,female | male,Jessie | Jesse
40933267,female | male,Iris | Bill
40933768,male | female,Alex | doris
41012668,female | male,Janet | Jean
41022789,female | male,Jane | Tom
41112096,female | male,Allison | AP
41130999,male | female,michael | carmelina
41198495,male | female,David | Liberty
41203065,female | male,Liv | Paul
41260666,male | female,Jon | Sarah
41312625,male | female,brian | Monty | Rose
41460520,male | female,Tom | Patricia | Thomas
41519651,male | female,steff | steffi
41556753,male | female,Maarten | Clara
41572890,female | male,Ana | Go
41624292,male | female,john | Karen
41770837,male | female,Mike | Sara
41951558,female | male,Jill | David
41993729,female | male,Kathleen | robert
42128204,female | male,Lola | jalo
42129605,female | male,Cathy | Charles
42145637,female | male,Janice | John
42186482,female | male,marilyn | michael
42330052,male | female,john | Tara
42338785,male | female,Mark | Marg
42403582,female | male,Beryl | Mike
42487468,female | male,Corinne | William
42590288,female | male,Denise | Steve
42657847,female | male,Sarah | Matt
42695785,male | female,Andrew | Catherine
42764452,male | female,Carlos | Frieda
42787874,male | female,Jack | Sunny | One | Jill | Joe | Flip
42841991,male | female,Jim | James | Barb
42844697,male | female,AB | Adrienne
42871168,female | male,Cindy | Brent
42922820,male | female,Tom | Laura
42926815,female | male,tracie | Tino
42986651,male | female,thomas | marguerita
43032315,male | female,john | Kali
43083434,female | male,allison | Alex
43130376,female | male,Julie | Ethan
43179092,female | male,Virginia | Gordon
43194101,female | male,Mandy | Rick
43226968,male | female,Mike | Christine
43280637,male | female,Elliot | Emily
43295078,male | female,Johnny | Sarah
43404505,female | male,kate | ron
43414828,male | female,Sunny | Ben | Sue
43431771,male | female,Anthony | Jill
43503623,female | male,Joy | Anne | Marianne | Joyce | Jame
43541921,female | male,Sorcha | Dave
43549345,female | male,Andrea | Luke
43585790,male | female,Doug | Laura
43661313,male | female,josh | anne
43790253,female | male,Jane | John
43791549,female | male,Paula | Orlando
43799439,male | female,Tam | tamara
43826026,male | female,Jim | Solange
43943103,female | male,Elke | Peter
44063739,male | female,Gabriel | Sadie | Jelly
44087800,female | male,Silva | jorge
44146640,male | female,KAS | karena
44205177,male | female,sammy | griselda | Jack | Sal | Sally | saul
44331228,male | female,James | Jane
44386835,male | female,Mike | Dan | John | Eli
44387074,female | male,Linda | Eric
44395940,male | female,henry | molly
44841817,male | female,Charles | Sandra
44913867,female | male,Louisa | Lenny
44968355,male | female,joe | Anne
44992992,male | female,Warren | UMA
45126149,male | female,John | Philip | Lucy
45129202,female | male,Carla | Gary
45133720,female | male,diane | Kai
45151475,female | male,Judy | Scotty
45155753,male | female,Joseph | Josephine
45281393,male | female,MartiM | martha
45296300,male | female,Larry | Karen | Lawrence
45306845,male | female,Daniel | Erica
45387635,female | male,Amy | Ron
45475062,female | male,jane | bradley
45571897,female | male,Amanda | Ted
45588249,female | male,Giovanna | walton
45674438,female | male,amber | James
45736889,male | female,Steve | Sue
45798189,male | female,Patrick | Michelle | Mike
45825805,male | female,Ed | Tina
45888418,female | male,mana | nelson
45927975,male | female,Nilo | nil
45936115,male | female,Eugene | Patricia
45986032,female | male,Christina | Just
46019120,female | male,Lizzie | Daniel
46049848,female | male,Anna | aladdin
46135543,female | male,Celia | Johnny | John
46162166,female | male,holly | Chance | Gaia
46275761,male | female,billy | Diana
46308573,female | male,Pasca | Patrick
46313466,female | male,Rio | Sergio | Jean
46318157,female | male,Julie | Phil
46385973,male | female,Mack | carolyn
46508365,male | female,Kay | Kathleen
46536608,female | male,miriam | apollinaire | rosamunde
46537127,male | female,Steve | Helen
46554353,male | female,Dewi | Ruth
46585246,female | male,Grace | Matt
46599107,male | female,Kay | Liza
46635883,female | male,kantha | kant
46659589,female | male,karen | Rene
46679200,male | female,Marco | Alma | Virgil
46700220,male | female,Colin | sally
46713768,female | male,Di | Simon | tim | Katie
46742749,female | male,Sarah | Bill
46784395,male | female,LuLu | Sarah
46794463,male | female,grad | Christine
46804899,male | female,Stephen | Susan
46811226,female | male,Alice | Alison | Ed
46816090,male | female,Mike | Pete | Misha | Maris | Petrus
46837260,male | female,AB | Jill
46850779,female | male,Sarah | Al
46898607,male | female,Alex | Edward | molly
46912050,female | male,Allison | Steve
46915656,female | male,Petra | Paul | Joe
46917987,female | male,Eliza | Stefan
46923068,male | female,Rob | Diana
46923481,female | male,Debbie | Udi
46927162,male | female,Jay | Sue
46942123,male | female,James | Michele
46946375,female | male,Sarah | raul
46950388,female | male,Ellen | Finn
46955835,female | male,Kathryn | larry | Lawrence
46960507,male | female,bert | Rand
46962222,female | male,Barbara | John
46973626,male | female,Brent | Hannah
47020234,female | male,Suzanne | Peter
47037197,male | female,rick | shari
47045367,male | female,Gerald | Karen
47068332,male | female,Richard | barbra
47071578,male | female,Mark | Nola
47075685,male | female,Zaza | Isabelle
47112877,female | male,Barbara | Gerald
47142307,male | female,Jon | Alicia
47157810,female | male,Grazia | Robert
47164834,female | male,Noreen | Derek
47180583,male | female,Dani | Danielle
47225568,female | male,Emma | Steve
47242171,male | female,Adam | Elizabeth
47259559,male | female,Booker | Jolly
47275798,female | male,Alice | Art
47350203,male | female,Barry | Debbie
47523440,male | female,jan | janet | jane
47568110,female | male,Marcia | Erik | sergei
47610204,male | female,Ralph | Lil
47638081,female | male,Stephanie | Boris
47717806,female | male,Elizabeth | George | John | Coraline | Jay | Sallie
47758970,male | female,Byron | BEA
47765011,male | female,Greg | Michelle
47792026,female | male,nana | vikas
47795578,female | male,nate | Johnny | Nathan
47877582,male | female,Walker | Dana | Pacifica | Jay
47902311,male | female,Tim | Fiona
47957852,male | female,Doug | Katie
48008098,female | male,Lore | Lorenzo
48054795,female | male,Carole | Kevin
48057623,female | male,Jessica | James
48062041,female | male,Sara | Lucas
48084111,female | male,Dawn | John
48100261,male | female,Eric | EPP
48127956,male | female,Porter | Carole
48167700,female | male,Laurel | Mort
48207318,female | male,Marie | howard
48257844,male | female,Grover | Nancy
48343911,female | male,Gay | Kay
48351198,female | male,Alexandra | Alex
48390979,male | female,Jeremy | brooklyn
48406143,male | female,Jess | Jessica
48473541,female | male,Tammy | Tommy | Jack
48504006,male | female,Donald | Dolores
48537876,male | female,Jami | Allison
48611929,female | male,Rachel | donju
48613136,male | female,Winston | Barbara
48652124,female | male,Sema | david
48737946,male | female,Ben | Charlotte
48750395,female | male,Denise | David
48806761,female | male,Muna | Selam
48858648,male | female,Tom | Christine
48862065,female | male,Anna | Martin
48862380,female | male,Katrina | George
48932119,female | male,Karen | Kay
49038866,female | male,Patricia | Angelica | Clara | Marsha | Martina | Andrea | Mariana | Allen | Nickolas
49040697,male | female,James | Amanda
49098656,male | female,Phil | Pam
49142707,male | female,Ken | Sue
49150115,male | female,Gopal | Mark | Lisa | Bob
49184840,male | female,Bob | Rio
49237777,female | male,Nancy | Al
49325401,male | female,Jeff | Kate
49333343,male | female,RAB | Done
49422245,female | male,Julia | Jules
49525253,male | female,larry | lizbeth | frank
49526485,male | female,Paulo | Tatiana
49543423,male | female,Ted | Deep
49606691,female | male,Kate | Joe
49647133,female | male,Daphne | Jeremy | Troy | Jake
49684368,male | female,Matthew | Judith
49710097,male | female,Stephen | Ella
49797623,female | male,Rachel | Peregrine
49798350,female | male,Eryn | EP
49827300,female | male,Joan | John
49876400,female | male,Emily | Glen
50008231,female | male,alice | ali
50117537,female | male,amy | Jim
50119006,male | female,Erik | Norma
50179947,male | female,Richard | Kathleen
50214796,female | male,meg | Tom
50336723,male | female,ted | Ned | Brad | Scarlett
50376177,male | female,Marc | Christine
50408402,male | female,Jason | Amanda
50503437,female | male,Emmy | Gigi
50510919,female | male,Christine | Benjamin
50559831,male | female,benjamin | Christina
50648765,female | male,Masako | Lennox
50707031,female | male,jill | David
50722574,female | male,Pia | Nathan | Katya | Lianne
50790092,male | female,Guy | Alexa
50798443,female | male,jill | Paul
50833615,female | male,Moe | Nicholas
50871256,male | female,Paulie | JANE
50889230,female | male,Jennifer | mason
50994196,female | male,kate | Klaus
51026598,male | female,Ted | Megan
51070177,male | female,Ramo | Ramona
51115686,female | male,Jeanette | Chip | Cynthia
51148412,female | male,Laura | Jean
51179513,female | male,Karin | Theo
51408338,female | male,Susan | Stephen
51462846,female | male,Kate | sandi
51554794,female | male,lily | just
51578000,male | female,Frank | Mercedes
51609548,female | male,Siri | Bruce
51621802,male | female,Jesse | Abby | Anna
51657090,male | female,Joe | Kate
51769841,female | male,Heather | Robert
51993023,female | male,Donna | just
52309362,male | female,peter | Jennifer
52336429,male | female,Oliver | Susan
52342704,female | male,Molly | Arthur | Cynthia
52432118,female | male,Emilia | Emma | Anna | Stephen
52477756,male | female,John | Ann
52490443,female | male,Linda | Conan
52549236,female | male,Sarah | Bruce
52584451,female | male,Virginia | Tucker
52624672,female | male,Patty | Phil
52722286,male | female,Jos | Josee
52733516,male | female,Emory | Anna
52837984,female | male,Ann | Stan
52889886,female | male,Suzanne | Ben
52914134,male | female,Jeremiah | Maia
53008820,female | male,Kristy | Rob | Willard
53041709,female | male,Jane | John
53082199,female | male,Jen | Michael
53088263,male | female,Greg | Krista
53206841,female | male,Jill | Jordan | Jason | George
53210203,female | male,susan | milt
53240265,female | male,Damaris | Ricki
53277030,male | female,steve | Susan
53322459,female | male,Caroline | Jonathan
53443286,female | male,katy | annabelle | donna | nancy | Hamish
53483724,male | female,Warren | Rose
53516255,female | male,JANELL | JAN
53519322,female | male,Viktoria | Ruben
53600680,female | male,Ellen | Patrick
53718025,male | female,sandi | Kathy | Angie
53763218,male | female,Atul | Meenal
53770675,female | male,yvette | Just
53775327,female | male,Ayn | Michael
53792058,female | male,Angie | Len
53808556,male | female,Akbar | Jose | Rick | Ingrid | Raji
53818176,male | female,Russ | Monica
53829282,female | male,Alice | Fred
53871828,female | male,Nancy | raisa | Randall | sharri | Laurance | Tim | sarah
53908892,male | female,Jean | Mabel
53938652,female | male,Yulia | Ben
53964062,male | female,Brett | Gianna
54007398,male | female,Steven | America | Mark | Steve | One
54070135,male | female,Tomas | Rei | Brice
54070879,female | male,Susan | Stephen
54072035,male | female,Jack | May
54132267,female | male,Leonora | Susanna | Peggy | Deb | Debra | Lola | Liz | Roberta | Katherine | Meg | Alice | Lucia | Tess | Robert | Adriana | Antonia | Erik | Ramona | Angelina | Corazon | Jackson | Henry | Anita
54133541,female | male,Cassandra | Janus
54166645,female | male,Mari | David | Tim | Mike
54183050,female | male,Ilana | Michal
54231020,male | female,john | amber | heather | jack | anwar | mark
54279270,female | male,Lori | lolo
54339027,female | male,molly | scott
54365789,male | female,Danny | Madeline
54389841,male | female,Richard | Katherine
54453223,male | female,Eddie | Tara | Victor
54473823,male | female,Jules | Julienne
54480690,male | female,Paul | David | Patricia | Michael | Gretchen | Clive | Nicholas | John | Reed | Brad | Stephanie | Julie | Marianne | Adam | Frank | Julia | Benedict | Dan | Kevin | Tim | Christopher | Charles | Suze | Tasha | Matt | Lisa | Roni | Tamar | Elizabeth | Virginia | Ashlee | Natasha | Katie | Sheryl | Ian | Barbara | Ron | Roger | Thomas | Rachel | Louis | Stephen | Sean | Ross | Jeffrey | Jason | Kathleen | Peter | Helene | Mark | Daniel | Justin | Anwar | Jack | Jim | Jerry | Gina | Jonathan | Jenna | Henry | Robert | Steve | Jere | Juliet | Stuart | Ben | Andy | Patrick | Tara | Sylvia | Viktor | Tom | Floyd | Katherine | Alec | Damon | Jennifer | Nick | Ken | Catherine | Toni | Hilary | Danny | Gary | Joe | Bill | Edward | Elaine | Mike | Joshua | Bruce | Andrew | Clifford | Anne | Pete | Sherry | Felicity | Rita | Sharon | Katy | Shaila | Charlotte | Richard | Deborah | Pilar | Jeff | Denise | Josh | kate | Jay | Steven
54485069,female | male,Eili | Josh
54501875,female | male,Emilia | Tom
54515975,male | female,Bertrand | Susan
54516089,male | female,Jan | Janet
54516506,male | female,Philippe | Joan
54529538,male | female,Trey | Traci
54544821,female | male,Tomka | al
54544826,female | male,Rebecca | Steve
54557138,male | female,Nathaniel | Nate
54558242,female | male,Amy | richard
54564751,male | female,just | joy
54617096,male | female,Jake | Jennifer
54624736,female | male,Christine | Lev | Syd | Bree
54654821,female | male,Maddy | Nathan
54670274,female | male,CobI | George
54674886,female | male,Willow | Bob
54719924,male | female,Jaxon | Stephanie
54732882,male | female,Jonathan | Christine
54736708,male | female,freddy | John | James | Cindy
54787623,female | male,Ellen | Alex
54790375,male | female,stephen | one
54802692,male | female,Jonathan | Caitlin
54858124,male | female,Manuel | Wilma | Matina
54861503,male | female,Nick | Nicki
54882628,female | male,marianne | dan | ellen
54920722,female | male,Jane | John | Meg | Maddie | Suzanne | Jon | Bill | Maggie | Tim
54930330,male | female,Ted | Rebecca | Scarlett | Tom
54976467,female | male,Davina | Dan
55019772,male | female,Farhan | John | Caitlin | Lance | Charles | Charlene
55045836,male | female,Doug | Michelle
55048605,male | female,Jules | Andrea
55049818,female | male,Constancia | Bruce
55061153,female | male,siobhan | amy | jane | jeanne | june | marcia | aharon | melanie | melissa | nancy | sarah | jolie | mona
55089240,female | male,Alison | Ali
55116995,female | male,Kathleen | kas
55137845,female | male,Katherine | Johnny
55141875,female | male,Lone | Tom
55144156,female | male,Ira | Hadassah | Frank | Conrad | Matthew | Bill | Homer | Omar
55152306,male | female,Leroy | Liberty
55161595,female | male,Penelope | Walt | orfeo
55163873,female | male,Anne | Erik
55172176,male | female,David | Margaret
55191816,male | female,Stephen | Krystyna
55213366,male | female,Andrew | Enid
55218434,female | male,selma | Bill
55224406,male | female,Anatol | Pamela | Travis | priya | ana | Anna | Karen
55235271,male | female,Mark | Ellen
55308319,female | male,Marjorie | John
55327866,male | female,John | Sheila
55335194,male | female,Isaiah | Carmen | Susanna
55356694,female | male,Nate | Nathaniel
55400722,female | male,Sara | David
55418595,male | female,Thomas | George | tania
55435173,male | female,Gabriel | Missy
55438357,male | female,Jim | Paul | Felicia
55442162,female | male,Nancy | Sonny | Robert
55460769,male | female,Todd | Claudia | AMY
55462186,male | female,Shiv | Siv
55476784,male | female,Leo | deva
55486274,female | male,Eleanor | Lucas
55514278,female | male,Clara | Tom
55539300,male | female,john | Lilly
55577947,male | female,Tristan | Lama | Basil | Steven
55587780,male | female,Lindley | Effie | Don | Charles | Jeb | Bea | Paul | John | Edward | Joe | Kate | Priscilla | Armin | Julia | Ruth | Jerry | Phil | Hal | Harold
55624487,female | male,Kat | ABD | Grad
55637103,female | male,Kerstin | Kay
55644409,male | female,Patrick | Jen
55669568,female | male,Johanna | Suzy | Ben
55676410,male | female,Moises | Deja
55680477,male | female,Gary | Gerti
55693099,female | male,Brooklyn | Max
55730000,male | female,Moshe | Moe
55749025,female | male,Emily | Patrick
55798509,female | male,Chelsea | David
55835216,female | male,Christine | Esmeralda | Emmanuel
55835463,female | male,Ede | Ed
55838793,male | female,pete | lynne
55855793,male | female,Max | Jessica
55892417,male | female,John | JIYoung
55920927,male | female,Christopher | moe
55944234,male | female,Dick | Don | Ed | Roger | Robert | Bradley | Jill | Sammy | Delia | Dell | Derek
55966853,female | male,Barbara | Bob
55986517,female | male,Lori | Scotty
55999848,female | male,Ani | John
56060550,female | male,Elizabeth | John
56075455,male | female,Bob | Sharen
56104451,female | male,Rose | Jeffrey
56106543,female | male,Jacque | Charles
56172859,male | female,bill | olivia
56201490,female | male,Marine | Oleg
56243385,male | female,Robert | Megan
56284550,male | female,Kay | Karen
56308188,female | male,Michele | Alex
56358085,male | female,Frank | Fran
56392200,male | female,Rick | Tim | Alfred | Pau | Jasper | Allen | Kay | Kevin | Iris
56410818,female | male,trish | Dave | Dan
56424532,female | male,Elizabeth | robert
56433004,male | female,Al | IA | Liam | Matt | Paolo | Sergio | Alex
56448627,male | female,Denys | Ellen
56448673,male | female,Rick | Regina
56453870,female | male,Maxine | Max
56476805,female | male,Jane | Ellis
56478881,male | female,Gerardo | Geri
56479395,female | male,Cathy | Adam
56485664,female | male,jane | Charles
56509032,female | male,elizabeth | just
56516107,female | male,Eli | elijah
56517528,female | male,Raisa | Israel
56522841,female | male,Francie | Myrtle | Ned
56523803,female | male,joan | jes | sad
56538108,female | male,Monika | sad
56607498,male | female,valentin | Valentine
56643803,male | female,Jean | Jeannie
56781528,male | female,Jos | Josie
56798774,female | male,SIA | JOE | AL
56806063,male | female,John | Augustine
56829998,male | female,Sad | Go | Elaine
56838887,female | male,Ann | Cooper
56866711,male | female,Brian | Beatrice
56890169,female | male,Lisa | Georg
56937628,male | female,Ed | Elaine
56988806,male | female,Michael | Cassandra
56990369,female | male,Mireille | save
57018011,male | female,James | Craig | Don | Johnny | DAVEY | cali | Trace
57049105,female | male,caroline | milo
57064456,female | male,cherry | Paul
57070608,male | female,David | Aglaya
57117301,male | female,Winfred | Jane
57145496,female | male,Dana | Pacifica | Jay
57189546,female | male,eirini | EP
57301208,female | male,Marianne | Gigi
57308169,female | male,Jane | Kevin
57316964,male | female,Jean | Jessie | Johnny | Jonnie
57328336,female | male,Sarah | Claudette | Susan | Sean
57351936,female | male,Kirsten | Bernd
57364019,female | male,Marissa | Dan
57414679,female | male,Aja | Ruth | Judith | Anna | Heather | Tereza | Elizabeth | Doug | Liz | Dorothy | June | beth | linda | ananda | Martha
57415004,female | male,Elisabeth | Samir | Elizabeth
57429187,female | male,Karen | John
57482650,female | male,Natalie | Sunny
57554459,male | female,Ben | Irene
57569266,female | male,rand | pantelis
57572806,female | male,bet | jon
57582717,male | female,Kay | Kari | Carrie
57595488,female | male,Kristen | krist
57634180,female | male,edith | Harry
57635929,female | male,Hammy | Harry
57643108,female | male,Marcella | Stan
57658213,female | male,Angie | Len | Angela | Leonard
57690828,female | male,bet | Evan
57699395,male | female,anti | Julia
57765565,male | female,Yoshi | Josie
57766179,male | female,Rudy | linda
57772100,male | female,Alex | Ratza
57790782,female | male,pam | Anti
57799652,female | male,nellie | katherine | jill | kate | jade | jan
57808929,male | female,walt | judy
57819840,female | male,Kaya | Candy | KARA | Joe
57886843,female | male,Alma | Al
57894792,female | male,Andrea | Jacques
58007025,female | male,Michelle | Miles
58038798,male | female,gigi | grace
58067296,female | male,betsy | Hugh
58090411,male | female,David | Joke
58097525,female | male,Dagny | Al | Macy | Ale
58105686,male | female,Pete | Serenity
58125332,male | female,John | Joan | Angela | James
58135868,male | female,Andreas | Carrie | Rudolf | Patrice
58136685,male | female,mark | Rumi
58138525,male | female,Ted | Margie
58180484,male | female,steve | chuck | joan
58184738,female | male,Here | Morris
58214721,male | female,Homer | Non | Phil | Odd
58215940,male | female,George | Marcy
58227211,male | female,Paul | Tim | Eddie | Vince | Karen | George | Jerome | James | Jamal | Donald | Nick
58273178,female | male,Stormy | Donald
58282772,female | male,Emmy | Pete
58303228,male | female,jon | ana
58308232,female | male,Michelle | Micky
58323190,male | female,Ken | Deja | Save
58325780,male | female,Mike | bobbi
58335639,female | male,Lisa | Love
58342953,male | female,Brutus | Barbara | John | Charles | Ronald | Bree | Sandra | Earnest | Owen | Patrick | Helen | Clinton | Milton | Robert
58463257,female | male,Jane | Tim | Henny | Jennifer
58497823,male | female,Eric | david | roger | Ken | Jane
58548491,male | female,Todd | Claudia | June
58560261,female | male,dixie | Aaron
58573482,male | female,Bob | Gloria
58579171,female | male,Kate | Mike
58592221,male | female,Tom | Maureen | Steve
58617215,male | female,David | Elwira
58643882,female | male,Peggy | Richard
58654415,female | male,Kristen | Anthony
58669127,female | male,peta | Peter | Georgia
58737268,male | female,john | Tea
58741278,male | female,Don | Rafa
58746147,male | female,john | Tea
58757344,male | female,Alex | Alli
58787712,male | female,Peter | Judy
58796884,female | male,Beatrice | Bruce
58860697,male | female,Victor | Lucy
58871478,female | male,Rebecca | Alvin
58880830,female | male,Lucy | John
58881385,male | female,Alan | Paula
58905656,male | female,keith | Tatiana | Samuel
58923435,male | female,John | Barbara
58977370,female | male,Ann | EP
58979247,male | female,Eric | Stephanie
59003349,female | male,Tina | Gigi
59027540,female | male,Mandy | Marilyn | MICHAEL
59045612,female | male,Kristen | Kay
59101484,male | female,Lawrence | Karen
59112323,male | female,Arlen | Laura
59125781,female | male,Jill | Max
59133198,male | female,David | Viva
59152851,female | male,Britt | Karl
59164918,male | female,andy | Marzena
59222798,female | male,Danielle | Dani
59245735,male | female,myron | renee
59253798,female | male,Augusta | August
59287221,male | female,matt | jerome | mac | Ivy
59299159,male | female,Joe | Tea
59308939,male | female,Robert | Barbara
59323254,male | female,Andrew | Janet | Mike
59342945,female | male,Nina | Leo
59345979,male | female,Charles | Rachel
59360379,female | male,Linda | Lulu
59382522,male | female,Harry | Sig | Joe
59383620,female | male,Reyna | AD
59397356,female | male,Christine | ariel
59406753,male | female,Kevin | carlie
59421588,male | female,mark | Tricia
59460389,female | male,Laura | Cullen
59468446,male | female,Greg | Judy
59513567,male | female,Jason | Heidi
59519904,male | female,John | James | Jim | Dominic | Bruce | Alex | Alexis | Amy | Lloyd
59528287,female | male,Susan | barry
59532280,female | male,Emma | Tom
59533016,male | female,Tom | Eric | Cathy
59565289,female | male,Daniele | Daniel
59582593,female | male,Nate | Nathaniel
59640603,female | male,Leda | Matt
59654404,male | female,Ron | Naomi | Jessica
59684234,female | male,franziska | Edgar
59690501,female | male,shirley | james
59693339,male | female,Tom | Jake | John | Jane | Ross
59695321,female | male,Jessica | Tony | Joe
59719895,male | female,Joe | James | Sara | Robert | Jack
59725529,male | female,Harrison | Jenna
59732323,female | male,Teresa | abdul
59740558,male | female,bob | sandra
59751799,female | male,Megan | Richard
59779642,male | female,Peter | Luci
59796769,male | female,Danni | Dan | Laura
59800898,male | female,Bob | Richard | susan | michelle
59801807,male | female,jay | meenakshi
59817665,male | female,Rick | Gretchen
59822842,male | female,Dean | Dena
59827552,male | female,Eric | Jennifer
59829015,female | male,Katie | Rodney
59845184,male | female,Jack | Grace
59848928,male | female,Newt | Joe | Katrina
59863446,female | male,LAURA | Paul | Carl
59871241,female | male,Katrina | Justin | one
59875226,male | female,Ben | James | Edwin | One
59876373,male | female,Woody | Sarah
59882272,male | female,John | Katrina
59888876,male | female,John | Gul
59893910,male | female,Richard | Amy
59912028,male | female,Nathaniel | Diane
59920804,female | male,Lisa | ed
59921386,male | female,Frank | Fran
59923862,female | male,Judith | David
59946401,female | male,laura | lau
59952366,female | male,Rikki | Frank
59960728,female | male,Emily | Dan | Houston | Eliot | Andrew
59962345,male | female,jack | melissa
59965440,male | female,Aubry | Kate
59967349,male | female,delbert | jill
59976583,female | male,Sarah | Jane | Kevin
59986331,male | female,William | Barbara
59991247,male | female,Steve | Alberto | Mitch | Olympia | Neil | Katrina
59991334,female | male,Ria | David
59993492,male | female,Mark | Tea
60003750,female | male,Miriam | Ben | Mimi
60034158,female | male,Anna | Susan | Anne | Brit | Alicia | Lisa | Micheal | Karen | Andrew | George | Alla | Karoline | Lise | Mitch | Larry | Joann | Mike | Maryann | Lane | John | Luisa | Elle | Sandi | Michael | Simi | Lula | Andy
60036301,male | female,Francesco | Faith
60060922,female | male,Katherine | Sarah | Timothy
60088530,male | female,Nik | Juliette
60098489,male | female,michael | mea
60107959,female | male,Luiza | sofia | OSAMA
60117408,female | male,Betty | Miles
60122463,female | male,amelia | age
60133930,female | male,megan | Jacob
60135841,female | male,Jeana | Scott
60138671,female | male,Rachel | Donna | jerry
60143244,female | male,Beth | Murphy
60145653,male | female,scott | Kevin | Alan | Sean | Sara | Sergey
60150557,female | male,Helen | George
60181812,female | male,Laura | Martha | Katrina | Kevin | Ellen
60187611,male | female,lincoln | dimple
60201517,female | male,margareth | victor
60223905,female | male,Megan | Joe
60226725,male | female,john | Cindy
60238524,female | male,ana | jan | jack
60256159,female | male,Treasa | George
60263758,male | female,bennet | Sarah
60263944,female | male,Jane | Andrew | Sarah
60273519,male | female,Joe | Jessica
60289462,female | male,Jill | Mark
60292665,female | male,Laura | Johnson
60307479,female | male,Hillary | Eron
60311682,male | female,Alan | Meaghan
60311957,female | male,Samantha | Jesse
60323990,male | female,Alberto | Emily | David
60348542,male | female,Al | Lily
60356819,male | female,Jean | Sonya
60386941,male | female,james | anne
60389852,male | female,tom | Angie
60412167,female | male,Sarah | Thomas
60430900,female | male,one | Joe
60437795,male | female,Bob | Laura | Roy | Rob
60516460,female | male,Sarah | Julie | Alan
60639408,female | male,Kirsten | Chelsea | Victor
60642437,male | female,Robert | Barbara
60655847,male | female,Neil | One
60706485,male | female,Max | Karen
60811700,female | male,Beth | Neil | Rob
60857241,female | male,one | Joe
